{
    "players": 16,
    "partners": 11,
    "repeat": 1,
    "courts": 1,
    "fixedTeams": false,
    "matches": null,
    "metrics": {
        "pairing": {
            "quality": {
                "minPartnersFairness": 0.7727272727272727,
                "avgPartnersFairness": 0.9157196969696969,
                "partnersCount": [
                    11,
                    11,
                    11,
                    11,
                    11,
                    11,
                    11,
                    11,
                    11,
                    11,
                    11,
                    11,
                    11,
                    11,
                    11,
                    11
                ],
                "partnersCountVariation": 0,
                "pairCount": 88
            },
            "stats": {
                "stopReason": "DEADLINE",
                "time": 599.3599301,
                "nodesExplored": 443663,
                "seedIndex": 130,
                "seedsTotal": 256
            }
        },
        "matchMaking": {
            "quality": {
                "meetingsVariation": 2.25,
                "minOpponentsMet": 14,
                "maxOpponentsMet": 15,
                "playersMet": {
                    "11": {
                        "14": 2,
                        "4": 3,
                        "10": 3,
                        "0": 3,
                        "7": 3,
                        "2": 2,
                        "5": 2,
                        "3": 1,
                        "12": 3,
                        "1": 2,
                        "15": 3,
                        "6": 1,
                        "8": 1,
                        "9": 2,
                        "13": 2
                    },
                    "14": {
                        "11": 2,
                        "4": 3,
                        "10": 3,
                        "0": 2,
                        "3": 2,
                        "7": 3,
                        "1": 2,
                        "13": 2,
                        "2": 2,
                        "5": 3,
                        "6": 3,
                        "9": 3,
                        "15": 2,
                        "12": 1
                    },
                    "4": {
                        "11": 3,
                        "14": 3,
                        "10": 2,
                        "12": 3,
                        "8": 2,
                        "0": 2,
                        "13": 2,
                        "1": 2,
                        "15": 2,
                        "2": 1,
                        "6": 3,
                        "5": 3,
                        "3": 2,
                        "9": 2,
                        "7": 1
                    },
                    "10": {
                        "11": 3,
                        "14": 3,
                        "4": 2,
                        "12": 3,
                        "8": 3,
                        "0": 3,
                        "9": 3,
                        "1": 3,
                        "15": 3,
                        "2": 1,
                        "5": 1,
                        "3": 1,
                        "6": 2,
                        "13": 2
                    },
                    "12": {
                        "10": 3,
                        "4": 3,
                        "8": 3,
                        "0": 2,
                        "11": 3,
                        "13": 2,
                        "1": 3,
                        "2": 1,
                        "6": 2,
                        "3": 2,
                        "5": 2,
                        "7": 2,
                        "9": 2,
                        "15": 2,
                        "14": 1
                    },
                    "8": {
                        "10": 3,
                        "12": 3,
                        "4": 2,
                        "3": 2,
                        "15": 2,
                        "0": 1,
                        "1": 2,
                        "2": 3,
                        "9": 2,
                        "7": 4,
                        "13": 3,
                        "5": 2,
                        "6": 3,
                        "11": 1
                    },
                    "0": {
                        "14": 2,
                        "3": 3,
                        "7": 2,
                        "15": 3,
                        "8": 1,
                        "9": 2,
                        "1": 3,
                        "10": 3,
                        "13": 2,
                        "2": 3,
                        "11": 3,
                        "6": 1,
                        "5": 1,
                        "4": 2,
                        "12": 2
                    },
                    "3": {
                        "0": 3,
                        "14": 2,
                        "7": 2,
                        "15": 2,
                        "8": 2,
                        "5": 4,
                        "11": 1,
                        "1": 3,
                        "6": 2,
                        "12": 2,
                        "13": 2,
                        "10": 1,
                        "2": 3,
                        "9": 2,
                        "4": 2
                    },
                    "7": {
                        "0": 2,
                        "14": 3,
                        "3": 2,
                        "2": 3,
                        "11": 3,
                        "1": 1,
                        "8": 4,
                        "9": 3,
                        "4": 1,
                        "5": 3,
                        "15": 2,
                        "13": 1,
                        "12": 2,
                        "6": 3
                    },
                    "15": {
                        "3": 2,
                        "0": 3,
                        "8": 2,
                        "2": 2,
                        "10": 3,
                        "6": 3,
                        "1": 1,
                        "4": 2,
                        "11": 3,
                        "5": 1,
                        "7": 2,
                        "13": 3,
                        "14": 2,
                        "12": 2,
                        "9": 2
                    },
                    "9": {
                        "0": 2,
                        "1": 3,
                        "10": 3,
                        "13": 2,
                        "8": 2,
                        "2": 2,
                        "7": 3,
                        "3": 2,
                        "5": 1,
                        "4": 2,
                        "6": 2,
                        "14": 3,
                        "12": 2,
                        "11": 2,
                        "15": 2
                    },
                    "1": {
                        "0": 3,
                        "9": 3,
                        "10": 3,
                        "13": 3,
                        "14": 2,
                        "11": 2,
                        "2": 3,
                        "12": 3,
                        "8": 2,
                        "7": 1,
                        "6": 1,
                        "3": 3,
                        "5": 1,
                        "4": 2,
                        "15": 1
                    },
                    "13": {
                        "0": 2,
                        "1": 3,
                        "9": 2,
                        "12": 2,
                        "4": 2,
                        "3": 2,
                        "14": 2,
                        "2": 2,
                        "8": 3,
                        "5": 3,
                        "15": 3,
                        "7": 1,